<?xml version="1.0" encoding="UTF-8"?>
<project-private xmlns="http://www.netbeans.org/ns/project-private/1">
    <editor-bookmarks xmlns="http://www.netbeans.org/ns/editor-bookmarks/2" lastBookmarkId="0"/>
    <open-files xmlns="http://www.netbeans.org/ns/projectui-open-files/2">
        <group>
            <file>file:/F:/apuntes/algoritmos/season2/NextWiiUBox/src/Vista/Cliente.java</file>
            <file>file:/F:/apuntes/algoritmos/season2/NextWiiUBox/src/Modelo/Cuenta.java</file>
            <file>file:/F:/apuntes/algoritmos/season2/NextWiiUBox/src/Vista/RegistroUsuario.java</file>
            <file>file:/F:/apuntes/algoritmos/season2/NextWiiUBox/src/Vista/ControlDeAcceso.java</file>
            <file>file:/F:/apuntes/algoritmos/season2/NextWiiUBox/src/Controlador/NJPanel.java</file>
            <file>file:/F:/apuntes/algoritmos/season2/NextWiiUBox/src/Controlador/GestorSesiones.java</file>
        </group>
    </open-files>
</project-private>
